
{
  "code": 0,
  "msg": "",
  "count": 1000,
  "data": [
    {
      "id": 10060,
      "username": "user-60",
      "sex": "男",
      "city": "城市-60",
      "sign": "签名-60",
      "experience": 259,
      "logins": 135,
      "wealth": 93176845,
      "classify": "作家",
      "score": 21
    },
    {
      "id": 10061,
      "username": "user-61",
      "sex": "男",
      "city": "城市-61",
      "sign": "签名-61",
      "experience": 632,
      "logins": 21,
      "wealth": 20696842,
      "classify": "酱油",
      "score": 51
    },
    {
      "id": 10062,
      "username": "user-62",
      "sex": "男",
      "city": "城市-62",
      "sign": "签名-62",
      "experience": 748,
      "logins": 61,
      "wealth": 25171658,
      "classify": "作家",
      "score": 66
    },
    {
      "id": 10063,
      "username": "user-63",
      "sex": "男",
      "city": "城市-63",
      "sign": "签名-63",
      "experience": 303,
      "logins": 21,
      "wealth": 95246194,
      "classify": "酱油",
      "score": 94
    },
    {
      "id": 10064,
      "username": "user-64",
      "sex": "男",
      "city": "城市-64",
      "sign": "签名-64",
      "experience": 336,
      "logins": 56,
      "wealth": 42545726,
      "classify": "酱油",
      "score": 68
    },
    {
      "id": 10065,
      "username": "user-65",
      "sex": "男",
      "city": "城市-65",
      "sign": "签名-65",
      "experience": 623,
      "logins": 183,
      "wealth": 62547311,
      "classify": "酱油",
      "score": 5
    },
    {
      "id": 10066,
      "username": "user-66",
      "sex": "男",
      "city": "城市-66",
      "sign": "签名-66",
      "experience": 493,
      "logins": 148,
      "wealth": 29140549,
      "classify": "作家",
      "score": 89
    },
    {
      "id": 10067,
      "username": "user-67",
      "sex": "男",
      "city": "城市-67",
      "sign": "签名-67",
      "experience": 1057,
      "logins": 171,
      "wealth": 18015695,
      "classify": "作家",
      "score": 45
    },
    {
      "id": 10068,
      "username": "user-68",
      "sex": "男",
      "city": "城市-68",
      "sign": "签名-68",
      "experience": 605,
      "logins": 132,
      "wealth": 85332856,
      "classify": "诗人",
      "score": 56
    },
    {
      "id": 10069,
      "username": "user-69",
      "sex": "女",
      "city": "城市-69",
      "sign": "签名-69",
      "experience": 805,
      "logins": 116,
      "wealth": 5561207,
      "classify": "作家",
      "score": 81
    },
    {
      "id": 10070,
      "username": "user-70",
      "sex": "女",
      "city": "城市-70",
      "sign": "签名-70",
      "experience": 842,
      "logins": 17,
      "wealth": 19467936,
      "classify": "酱油",
      "score": 53
    },
    {
      "id": 10071,
      "username": "user-71",
      "sex": "女",
      "city": "城市-71",
      "sign": "签名-71",
      "experience": 461,
      "logins": 163,
      "wealth": 39700624,
      "classify": "诗人",
      "score": 88
    },
    {
      "id": 10072,
      "username": "user-72",
      "sex": "女",
      "city": "城市-72",
      "sign": "签名-72",
      "experience": 556,
      "logins": 25,
      "wealth": 95312752,
      "classify": "词人",
      "score": 42
    },
    {
      "id": 10073,
      "username": "user-73",
      "sex": "男",
      "city": "城市-73",
      "sign": "签名-73",
      "experience": 329,
      "logins": 112,
      "wealth": 27679369,
      "classify": "词人",
      "score": 21
    },
    {
      "id": 10074,
      "username": "user-74",
      "sex": "女",
      "city": "城市-74",
      "sign": "签名-74",
      "experience": 958,
      "logins": 148,
      "wealth": 37494604,
      "classify": "词人",
      "score": 22
    },
    {
      "id": 10075,
      "username": "user-75",
      "sex": "男",
      "city": "城市-75",
      "sign": "签名-75",
      "experience": 730,
      "logins": 31,
      "wealth": 12860757,
      "classify": "词人",
      "score": 5
    },
    {
      "id": 10076,
      "username": "user-76",
      "sex": "男",
      "city": "城市-76",
      "sign": "签名-76",
      "experience": 756,
      "logins": 177,
      "wealth": 21938870,
      "classify": "诗人",
      "score": 88
    },
    {
      "id": 10077,
      "username": "user-77",
      "sex": "男",
      "city": "城市-77",
      "sign": "签名-77",
      "experience": 291,
      "logins": 72,
      "wealth": 39597349,
      "classify": "作家",
      "score": 52
    },
    {
      "id": 10078,
      "username": "user-78",
      "sex": "女",
      "city": "城市-78",
      "sign": "签名-78",
      "experience": 899,
      "logins": 38,
      "wealth": 41681274,
      "classify": "酱油",
      "score": 85
    },
    {
      "id": 10079,
      "username": "user-79",
      "sex": "女",
      "city": "城市-79",
      "sign": "签名-79",
      "experience": 833,
      "logins": 161,
      "wealth": 27133036,
      "classify": "酱油",
      "score": 88
    },
    {
      "id": 10080,
      "username": "user-80",
      "sex": "男",
      "city": "城市-80",
      "sign": "签名-80",
      "experience": 281,
      "logins": 23,
      "wealth": 73048386,
      "classify": "词人",
      "score": 77
    },
    {
      "id": 10081,
      "username": "user-81",
      "sex": "男",
      "city": "城市-81",
      "sign": "签名-81",
      "experience": 1070,
      "logins": 69,
      "wealth": 7800097,
      "classify": "作家",
      "score": 51
    },
    {
      "id": 10082,
      "username": "user-82",
      "sex": "女",
      "city": "城市-82",
      "sign": "签名-82",
      "experience": 799,
      "logins": 6,
      "wealth": 19675120,
      "classify": "酱油",
      "score": 32
    },
    {
      "id": 10083,
      "username": "user-83",
      "sex": "女",
      "city": "城市-83",
      "sign": "签名-83",
      "experience": 360,
      "logins": 95,
      "wealth": 71020536,
      "classify": "词人",
      "score": 75
    },
    {
      "id": 10084,
      "username": "user-84",
      "sex": "女",
      "city": "城市-84",
      "sign": "签名-84",
      "experience": 468,
      "logins": 78,
      "wealth": 62217169,
      "classify": "词人",
      "score": 84
    },
    {
      "id": 10085,
      "username": "user-85",
      "sex": "男",
      "city": "城市-85",
      "sign": "签名-85",
      "experience": 230,
      "logins": 137,
      "wealth": 23270792,
      "classify": "诗人",
      "score": 96
    },
    {
      "id": 10086,
      "username": "user-86",
      "sex": "女",
      "city": "城市-86",
      "sign": "签名-86",
      "experience": 540,
      "logins": 105,
      "wealth": 83534754,
      "classify": "诗人",
      "score": 45
    },
    {
      "id": 10087,
      "username": "user-87",
      "sex": "男",
      "city": "城市-87",
      "sign": "签名-87",
      "experience": 110,
      "logins": 14,
      "wealth": 13882502,
      "classify": "作家",
      "score": 67
    },
    {
      "id": 10088,
      "username": "user-88",
      "sex": "男",
      "city": "城市-88",
      "sign": "签名-88",
      "experience": 587,
      "logins": 159,
      "wealth": 97498052,
      "classify": "诗人",
      "score": 82
    },
    {
      "id": 10089,
      "username": "user-89",
      "sex": "女",
      "city": "城市-89",
      "sign": "签名-89",
      "experience": 924,
      "logins": 194,
      "wealth": 14829539,
      "classify": "酱油",
      "score": 45
    }
  ]
}
